,sport,dsport,proto,state,dur,sbytes,dbytes,service,Sload,Dload,Spkts,Dpkts,smeansz,dmeansz,Stime,Ltime,is_sm_ips_ports,ct_state_ttl,ct_srv_src,ct_srv_dst,ct_dst_ltm,ct_src_ltm,ct_src_dport_ltm,ct_dst_sport_ltm,ct_dst_src_ltm,Label,sport_is_well_known,dsport_is_well_known,sport_is_ephemeral,dsport_is_ephemeral,dsport_is_critical
0,1390,53,udp,CON,0.001055,132,164,dns,500473.9375,621800.9375,2,2,66,82,1421927414,1421927414,0,0,3,7,1,3,1,1,1,0,0,1,0,0,1
1,33661,1024,udp,CON,0.036133,528,304,-,87676.08594,50480.17188,4,4,132,76,1421927414,1421927414,0,0,2,4,2,3,1,1,2,0,0,0,0,0,0
2,1464,53,udp,CON,0.001119,146,178,dns,521894.5313,636282.375,2,2,73,89,1421927414,1421927414,0,0,12,8,1,2,2,1,1,0,0,1,0,0,1
3,3593,53,udp,CON,0.001209,132,164,dns,436724.5625,542597.1875,2,2,66,82,1421927414,1421927414,0,0,6,9,1,1,1,1,1,0,0,1,0,0,1
4,49664,53,udp,CON,0.001169,146,178,dns,499572.25,609067.5625,2,2,73,89,1421927414,1421927414,0,0,7,9,1,1,1,1,1,0,0,1,1,0,1
5,32119,111,udp,CON,0.078339,568,312,-,43503.23438,23896.14258,4,4,142,78,1421927414,1421927414,0,0,2,4,2,3,1,1,2,0,0,1,0,0,0
6,2142,53,udp,CON,0.001134,132,164,dns,465608.4688,578483.25,2,2,66,82,1421927414,1421927414,0,0,12,7,1,2,2,1,1,0,0,1,0,0,1
7,0,0,arp,INT,0.0,46,0,-,0.0,0.0,1,0,46,0,1421927415,1421927415,1,2,2,2,2,2,2,2,2,0,1,1,0,0,0
8,40726,53,udp,CON,0.001126,146,178,dns,518650.0938,632326.8125,2,2,73,89,1421927415,1421927415,0,0,6,7,3,1,1,1,1,0,0,1,0,0,1
9,12660,53,udp,CON,0.001167,132,164,dns,452442.1563,562125.0625,2,2,66,82,1421927415,1421927415,0,0,6,7,2,1,1,1,1,0,0,1,0,0,1
10,0,0,arp,INT,0.0,46,0,-,0.0,0.0,1,0,46,0,1421927415,1421927415,1,2,2,2,2,2,2,2,2,0,1,1,0,0,0
11,0,0,arp,INT,0.0,46,0,-,0.0,0.0,1,0,46,0,1421927415,1421927415,1,2,2,2,2,2,2,2,2,0,1,1,0,0,0
12,0,0,arp,INT,0.0,46,0,-,0.0,0.0,1,0,46,0,1421927415,1421927415,1,2,2,2,2,2,2,2,2,0,1,1,0,0,0
13,48847,53,udp,CON,0.001093,132,164,dns,483074.0938,600182.9375,2,2,66,82,1421927415,1421927415,0,0,6,9,2,5,1,1,1,0,0,1,0,0,1
14,24266,41049,udp,CON,0.001851,528,304,-,1711507.25,985413.3125,4,4,132,76,1421927415,1421927415,0,0,8,4,2,5,1,1,2,0,0,0,0,0,0
15,10393,44307,udp,CON,0.001749,528,304,-,1811320.75,1042881.625,4,4,132,76,1421927415,1421927415,0,0,8,2,3,5,1,1,2,0,0,0,0,0,0
16,62539,53,udp,CON,0.001128,132,164,dns,468085.125,581560.3125,2,2,66,82,1421927415,1421927415,0,0,7,7,2,1,1,1,1,0,0,1,1,0,1
17,21270,111,udp,CON,0.005153,568,312,-,661362.3125,363283.5313,4,4,142,78,1421927415,1421927415,0,0,8,4,2,5,2,1,2,0,0,1,0,0,0
18,8989,111,udp,CON,0.004898,568,312,-,695794.1875,382196.8125,4,4,142,78,1421927415,1421927415,0,0,8,2,3,5,2,1,2,0,0,1,0,0,0
19,49346,53,udp,CON,0.001111,132,164,dns,475247.5313,590459.0625,2,2,66,82,1421927415,1421927415,0,0,5,9,2,1,1,1,1,0,0,1,1,0,1
20,21223,32780,udp,INT,2.1e-05,728,0,-,138666672.0,0.0,2,0,364,0,1421927415,1421927415,0,2,1,1,1,1,1,1,1,1,0,0,0,0,0
21,23357,80,tcp,FIN,0.240139,918,25552,http,28050.42188,815794.1875,12,24,77,1065,1421927416,1421927416,0,1,3,2,2,1,1,1,1,1,0,1,0,0,1
22,13284,80,tcp,FIN,2.39039,1362,268,http,4233.619141,749.668518,14,6,97,45,1421927414,1421927416,0,1,5,2,2,1,1,1,1,1,0,1,0,0,1
23,4192,53,udp,CON,0.001101,132,164,dns,479564.0313,595822.0,2,2,66,82,1421927416,1421927416,0,0,7,4,3,1,1,1,1,0,0,1,0,0,1
24,26872,53,udp,CON,0.001082,132,164,dns,487985.2188,606284.6875,2,2,66,82,1421927416,1421927416,0,0,7,6,1,1,1,1,1,0,0,1,0,0,1
25,24946,53,udp,CON,0.001122,132,164,dns,470588.2188,584670.1875,2,2,66,82,1421927416,1421927416,0,0,8,3,1,2,2,1,1,0,0,1,0,0,1
26,5685,53,udp,CON,0.001141,146,178,dns,511831.75,624014.0625,2,2,73,89,1421927416,1421927416,0,0,5,7,1,1,1,1,1,0,0,1,0,0,1
27,22848,53,udp,CON,0.001164,146,178,dns,501718.2188,611683.8125,2,2,73,89,1421927416,1421927416,0,0,3,8,2,1,1,1,1,0,0,1,0,0,1
28,28565,53,udp,CON,0.001127,132,164,dns,468500.4688,582076.3125,2,2,66,82,1421927416,1421927416,0,0,6,4,3,1,1,1,1,0,0,1,0,0,1
29,46719,53,udp,CON,0.001073,132,164,dns,492078.2813,611370.0,2,2,66,82,1421927416,1421927416,0,0,6,7,1,1,1,1,1,0,0,1,0,0,1
30,25100,53,udp,CON,0.001196,146,178,dns,488294.3125,595317.6875,2,2,73,89,1421927416,1421927416,0,0,8,4,3,2,2,1,1,0,0,1,0,0,1
31,29704,53,udp,CON,0.001101,132,164,dns,479564.0313,595822.0,2,2,66,82,1421927416,1421927416,0,0,6,8,2,1,1,1,1,0,0,1,0,0,1
32,36998,53,udp,CON,0.001058,146,178,dns,551984.875,672967.875,2,2,73,89,1421927417,1421927417,0,0,6,7,1,2,2,1,1,0,0,1,0,0,1
33,6438,53,udp,CON,0.0011,132,164,dns,480000.0,596363.625,2,2,66,82,1421927417,1421927417,0,0,6,6,3,2,2,1,1,0,0,1,0,0,1
34,1416,53,udp,CON,0.001126,146,178,dns,518650.0938,632326.8125,2,2,73,89,1421927417,1421927417,0,0,8,9,1,1,1,1,1,0,0,1,0,0,1
35,35578,53,udp,CON,0.001017,146,178,dns,574238.0,700098.375,2,2,73,89,1421927417,1421927417,0,0,5,6,3,2,2,1,1,0,0,1,0,0,1
36,38902,53,udp,CON,0.001094,132,164,dns,482632.5625,599634.375,2,2,66,82,1421927417,1421927417,0,0,5,8,1,2,2,1,1,0,0,1,0,0,1
37,9897,53,udp,CON,0.001092,132,164,dns,483516.4688,600732.5625,2,2,66,82,1421927417,1421927417,0,0,3,6,3,1,1,1,1,0,0,1,0,0,1
38,44759,53,udp,CON,0.001082,132,164,dns,487985.2188,606284.6875,2,2,66,82,1421927417,1421927417,0,0,7,8,1,1,1,1,1,0,0,1,0,0,1
39,13792,5555,tcp,FIN,0.17519,8168,268,-,346366.8125,10228.89453,14,6,583,45,1421927417,1421927417,0,1,1,1,1,1,1,1,1,1,0,0,0,0,0
40,26939,80,tcp,FIN,0.1906,844,268,http,31899.26758,9401.888672,10,6,84,45,1421927418,1421927418,0,1,3,1,1,1,1,1,1,1,0,1,0,0,1
41,58304,53,udp,CON,0.001089,132,164,dns,484848.4688,602387.5,2,2,66,82,1421927418,1421927418,0,0,7,7,1,4,2,1,1,0,0,1,1,0,1
42,7419,53,udp,CON,0.001126,132,164,dns,468916.5313,582593.25,2,2,66,82,1421927418,1421927418,0,0,8,8,3,1,1,1,1,0,0,1,0,0,1
43,12527,23202,udp,CON,0.001859,528,304,-,1704142.0,981172.6875,4,4,132,76,1421927418,1421927418,0,0,5,3,3,4,1,1,2,0,0,0,0,0,0
44,52335,53,udp,CON,0.001152,132,164,dns,458333.3125,569444.4375,2,2,66,82,1421927418,1421927418,0,0,6,4,1,1,1,1,1,0,0,1,1,0,1
45,39558,111,udp,CON,0.004996,568,312,-,682145.75,374699.7813,4,4,142,78,1421927418,1421927418,0,0,5,3,3,4,1,1,2,0,0,1,0,0,0
46,47526,53,udp,CON,0.001044,146,178,dns,559386.9375,681992.3125,2,2,73,89,1421927418,1421927418,0,0,7,9,1,4,2,1,1,0,0,1,0,0,1
47,54634,53,udp,CON,0.001089,132,164,dns,484848.4688,602387.5,2,2,66,82,1421927418,1421927418,0,0,7,4,1,1,1,1,1,0,0,1,1,0,1
48,26778,53,udp,CON,0.001122,146,178,dns,520499.0938,634581.0625,2,2,73,89,1421927418,1421927418,0,0,5,7,1,1,1,1,1,0,0,1,0,0,1
49,60756,53,udp,CON,0.001201,130,162,dns,432972.5313,539550.375,2,2,65,81,1421927418,1421927418,0,0,12,3,1,1,1,1,1,0,0,1,1,0,1
50,25689,53,udp,CON,0.001079,132,164,dns,489342.0,607970.375,2,2,66,82,1421927419,1421927419,0,0,12,7,1,2,2,1,1,0,0,1,0,0,1
51,16931,38340,udp,CON,0.001864,528,304,-,1699570.875,978540.75,4,4,132,76,1421927419,1421927419,0,0,8,2,2,3,1,1,2,0,0,0,0,0,0
52,15133,111,udp,CON,0.0051,568,312,-,668235.25,367058.8125,4,4,142,78,1421927419,1421927419,0,0,8,2,2,3,1,1,2,0,0,1,0,0,0
53,58771,53,udp,CON,0.001123,132,164,dns,470169.1563,584149.5625,2,2,66,82,1421927419,1421927419,0,0,7,6,1,1,1,1,1,0,0,1,1,0,1
54,13903,53,udp,CON,0.001112,132,164,dns,474820.1563,589928.0625,2,2,66,82,1421927419,1421927419,0,0,6,8,1,1,1,1,1,0,0,1,0,0,1
55,24551,53,udp,CON,0.001066,132,164,dns,495309.5938,615384.625,2,2,66,82,1421927419,1421927419,0,0,6,9,2,3,1,1,1,0,0,1,0,0,1
56,10510,53,udp,CON,0.001108,130,162,dns,469314.0625,584837.5,2,2,65,81,1421927419,1421927419,0,0,12,9,2,2,2,1,1,0,0,1,0,0,1
57,39500,80,tcp,FIN,0.177449,1214,268,http,49276.12891,10098.67578,10,6,121,45,1421927419,1421927419,0,1,5,2,1,1,1,1,1,1,0,1,0,0,1
58,29309,3000,tcp,FIN,0.19491,844,268,-,31193.88281,9193.986328,10,6,84,45,1421927420,1421927420,0,1,1,1,1,1,1,1,1,1,0,0,0,0,0
59,31564,55173,udp,CON,0.011205,528,304,-,282730.9375,162784.4688,4,4,132,76,1421927420,1421927420,0,0,8,2,2,2,1,1,2,0,0,0,0,1,0
60,44119,53,udp,CON,0.001091,130,162,dns,476626.9375,593950.5,2,2,65,81,1421927420,1421927420,0,0,8,3,3,2,2,1,1,0,0,1,0,0,1
61,41515,53,udp,CON,0.001091,130,162,dns,476626.9375,593950.5,2,2,65,81,1421927420,1421927420,0,0,5,9,2,1,1,1,1,0,0,1,0,0,1
62,32716,53,udp,CON,0.001135,132,164,dns,465198.2188,577973.5625,2,2,66,82,1421927420,1421927420,0,0,7,8,1,1,1,1,1,0,0,1,0,0,1
63,40309,53,udp,CON,0.001105,132,164,dns,477828.0313,593665.125,2,2,66,82,1421927420,1421927420,0,0,7,8,2,1,1,1,1,0,0,1,0,0,1
64,47061,53,udp,CON,0.001087,146,178,dns,537258.5,655013.8125,2,2,73,89,1421927420,1421927420,0,0,8,8,2,2,2,1,1,0,0,1,0,0,1
65,29622,111,udp,CON,0.040337,568,312,-,84488.1875,46409.00391,4,4,142,78,1421927420,1421927420,0,0,8,2,2,2,1,1,2,0,0,1,0,0,0
66,30507,32859,udp,CON,0.0314,520,304,-,99363.0625,58089.17578,4,4,130,76,1421927420,1421927420,0,0,2,2,3,3,1,1,2,0,0,0,0,0,0
67,56644,111,udp,CON,0.060192,568,304,-,56618.82031,30303.0293,4,4,142,76,1421927420,1421927420,0,0,2,2,3,3,1,1,2,0,0,1,1,0,0
68,49910,53,udp,CON,0.001044,130,162,dns,498084.2813,620689.625,2,2,65,81,1421927420,1421927420,0,0,6,9,2,3,1,1,1,0,0,1,1,0,1
69,36701,111,udp,CON,0.004565,568,304,-,746549.8125,399561.875,4,4,142,76,1421927421,1421927421,0,0,5,4,5,3,1,1,2,0,0,1,0,0,0
70,15807,53,udp,CON,0.001118,132,164,dns,472271.9063,586762.0625,2,2,66,82,1421927421,1421927421,0,0,12,8,5,3,3,2,2,0,0,1,0,0,1
71,57983,53,udp,CON,0.00112,132,164,dns,471428.5625,585714.25,2,2,66,82,1421927421,1421927421,0,0,12,9,3,3,3,1,1,0,0,1,1,0,1
72,15807,53,udp,CON,0.001118,132,164,dns,472271.9063,586762.0625,2,2,66,82,1421927421,1421927421,0,0,12,8,5,3,3,2,2,0,0,1,0,0,1
73,62824,14455,udp,CON,0.001775,520,304,-,1757746.5,1027605.625,4,4,130,76,1421927421,1421927421,0,0,5,4,5,3,1,1,2,0,0,0,1,0,0
74,26719,53,udp,CON,0.001087,146,178,dns,537258.5,655013.8125,2,2,73,89,1421927421,1421927421,0,0,6,9,3,1,1,1,1,0,0,1,0,0,1
75,57137,53,udp,CON,0.001111,132,164,dns,475247.5313,590459.0625,2,2,66,82,1421927421,1421927421,0,0,6,8,5,1,1,1,1,0,0,1,1,0,1
76,19393,53,udp,CON,0.001118,132,164,dns,472271.9063,586762.0625,2,2,66,82,1421927421,1421927421,0,0,7,9,3,3,1,1,1,0,0,1,0,0,1
77,61089,80,tcp,FIN,0.291485,804,948,http,19870.66211,22779.90234,10,8,80,119,1421927421,1421927421,0,1,5,2,1,1,1,1,1,1,0,1,1,0,1
78,23910,80,tcp,FIN,2.59291,2082,268,http,5967.041016,691.115356,14,6,149,45,1421927419,1421927422,0,1,5,2,1,2,2,1,1,1,0,1,0,0,1
79,44762,80,tcp,FIN,0.232939,828,4004,http,25620.44141,123774.8906,10,10,83,400,1421927422,1421927422,0,1,1,1,1,1,1,1,1,1,0,1,0,0,1
80,4159,80,tcp,FIN,0.432056,838,986,http,13979.66895,16442.3125,10,10,84,99,1421927421,1421927422,0,1,5,2,1,2,2,1,1,1,0,1,0,0,1
81,13987,53,udp,CON,0.00106,130,162,dns,490566.0313,611320.75,2,2,65,81,1421927422,1421927422,0,0,6,9,2,1,1,1,1,0,0,1,0,0,1
82,34944,53,udp,CON,0.001073,132,164,dns,492078.2813,611370.0,2,2,66,82,1421927422,1421927422,0,0,6,9,2,1,1,1,1,0,0,1,0,0,1
83,40146,53,udp,CON,0.001176,132,164,dns,448979.5938,557823.125,2,2,66,82,1421927422,1421927422,0,0,7,7,1,1,1,1,1,0,0,1,0,0,1
84,4864,53,udp,CON,0.001214,146,178,dns,481054.3438,586490.9375,2,2,73,89,1421927422,1421927422,0,0,5,8,1,1,1,1,1,0,0,1,0,0,1
85,35110,53,udp,CON,0.001126,132,164,dns,468916.5313,582593.25,2,2,66,82,1421927422,1421927422,0,0,6,4,1,1,1,1,1,0,0,1,0,0,1
86,6379,53,udp,CON,0.00108,146,178,dns,540740.75,659259.3125,2,2,73,89,1421927422,1421927422,0,0,12,7,1,1,1,1,1,0,0,1,0,0,1
87,62676,53,udp,CON,0.001061,132,164,dns,497643.7188,618284.625,2,2,66,82,1421927423,1421927423,0,0,8,4,1,4,2,1,1,0,0,1,1,0,1
88,53247,25790,udp,CON,0.00178,520,304,-,1752809.0,1024719.063,4,4,130,76,1421927423,1421927423,0,0,2,4,2,4,1,1,2,0,0,0,1,0,0
89,61452,53,udp,CON,0.001125,146,178,dns,519111.125,632888.9375,2,2,73,89,1421927423,1421927423,0,0,5,9,2,1,1,1,1,0,0,1,1,0,1
90,16859,53,udp,CON,0.001064,132,164,dns,496240.625,616541.375,2,2,66,82,1421927423,1421927423,0,0,12,8,1,1,1,1,1,0,0,1,0,0,1
91,30521,53,udp,CON,0.001083,146,178,dns,539242.875,657433.0625,2,2,73,89,1421927423,1421927423,0,0,5,7,1,1,1,1,1,0,0,1,0,0,1
92,1809,53,udp,CON,0.001128,132,164,dns,468085.125,581560.3125,2,2,66,82,1421927423,1421927423,0,0,7,9,2,1,1,1,1,0,0,1,0,0,1
93,37848,53,udp,CON,0.001166,132,164,dns,452830.1875,562607.1875,2,2,66,82,1421927423,1421927423,0,0,8,6,1,4,2,1,1,0,0,1,0,0,1
94,53697,111,udp,CON,0.00468,568,304,-,728205.1875,389743.5938,4,4,142,76,1421927423,1421927423,0,0,2,4,2,4,1,1,2,0,0,1,1,0,0
95,43850,80,tcp,FIN,0.244832,876,9446,http,25780.94336,286629.2188,10,14,88,675,1421927423,1421927423,0,1,3,1,1,1,1,1,1,1,0,1,0,0,1
96,45430,53,udp,CON,0.001069,130,162,dns,486435.9375,606174.0,2,2,65,81,1421927424,1421927424,0,0,12,8,2,2,2,1,1,0,0,1,0,0,1
97,39128,48372,udp,CON,0.001793,520,304,-,1740100.375,1017289.438,4,4,130,76,1421927424,1421927424,0,0,5,3,2,1,1,1,1,0,0,0,0,0,0
98,4318,53,udp,CON,0.001112,146,178,dns,525179.875,640287.8125,2,2,73,89,1421927424,1421927424,0,0,12,9,1,2,2,1,1,0,0,1,0,0,1
99,14309,53,udp,CON,0.001141,146,178,dns,511831.75,624014.0625,2,2,73,89,1421927424,1421927424,0,0,5,4,1,1,1,1,1,0,0,1,0,0,1
